TimeStamp,Open,Close,High,Low,Volume
04 January 2021,32834.7644,31368.39028,32834.7644,29292.51437,32872880446
03 January 2021,35440.63324,33130.36428,35915.86766,33130.36428,75525177565
02 January 2021,29750.20035,32125.41319,32782.28678,29625.74441,64302222520
01 January 2021,28911.91008,29385.57249,29385.57249,28911.91008,38672617259
31 December 2020,28777.32078,29005.86431,29082.61697,28196.15923,46232114550
30 December 2020,27606.16729,28856.25286,28856.25286,27606.16729,49716547776
29 December 2020,27099.50363,27369.72814,27369.72814,26528.03676,43104981986
28 December 2020,27167.68228,27080.02681,27213.06858,27080.02681,48365268288
27 December 2020,27159.42757,26307.86451,27603.12743,26307.86451,63770602152
26 December 2020,24810.27309,26413.02331,26413.02331,24810.27309,47874926694
25 December 2020,23918.11376,24692.92736,24692.92736,23723.10835,41021622302
24 December 2020,23647.64843,23769.26778,23769.26778,23594.06496,40928613618
23 December 2020,23197.83864,23227.3096,23358.27869,23105.24742,49887314705
22 December 2020,23158.08624,23879.0772,23879.0772,23124.6624,43529462774
21 December 2020,23128.40955,22754.09936,23552.03366,22335.98041,44736375299
20 December 2020,23514.00171,23494.24413,23750.89035,23289.95588,38151394087
19 December 2020,23185.91557,23818.01012,23818.01012,23185.91557,38378799920
18 December 2020,22916.37149,23138.76242,23138.76242,22747.50575,40680345250
17 December 2020,21367.65633,22755.3489,23044.58974,21367.65633,65359428771
16 December 2020,19856.17536,21317.09726,21370.0136,19856.17536,43861894965
15 December 2020,19305.60055,19444.08996,19467.62371,19285.62939,26487616557
14 December 2020,19137.42365,19242.21187,19242.21187,19137.42365,23418889909
13 December 2020,19151.7745,19196.03811,19316.60341,19151.7745,24717881882
12 December 2020,18371.5259,18832.30734,18832.30734,18371.5259,22761412659
11 December 2020,18068.10442,18019.81732,18068.10442,17791.66274,27785679211
10 December 2020,18349.94342,18233.05584,18349.94342,18090.73776,25673420029
09 December 2020,18525.62878,18572.2599,18572.2599,18194.29972,32169576005
08 December 2020,18760.3993,18319.92675,18822.73948,18313.13146,28293259133
07 December 2020,19224.47033,19181.51939,19232.35705,19095.06284,23293128121
06 December 2020,19273.04683,19389.79394,19389.79394,19209.93065,22640049261
05 December 2020,19137.21807,19186.59626,19186.59626,19137.21807,24202389084
04 December 2020,18841.21756,18642.18235,18877.45116,18604.08288,28161451952
03 December 2020,19476.80996,19434.99952,19488.38748,19350.48107,26810870361
02 December 2020,18926.17513,19207.98178,19207.98178,18723.31447,31609202041
01 December 2020,19360.52576,18765.03432,19360.52576,18612.63606,41994232956
30 November 2020,18731.15189,19694.08796,19694.08796,18731.15189,39378487252
29 November 2020,18320.42461,18236.30671,18320.42461,18236.30671,24889947831
28 November 2020,17473.26759,17731.92733,17731.92733,17393.99886,26230593518
27 November 2020,17185.98468,17165.2342,17275.80036,16836.38449,33404363093
26 November 2020,18172.39005,17196.60225,18231.24033,16753.82823,52823442868
25 November 2020,18747.07079,18777.61838,18870.96826,18747.07079,37019122943
24 November 2020,18373.6517,19122.66187,19122.66187,18373.6517,45996284674
23 November 2020,19479.7834,18474.49949,19479.7834,18474.49949,35976121017
22 November 2020,18908.07782,18492.14446,18908.07782,18492.14446,34809835880
21 November 2020,19525.82582,18760.00473,19525.82582,18760.00473,33375136854
20 November 2020,18559.44506,18690.86437,18690.86437,18556.57561,31864370433
19 November 2020,17708.90645,17835.25873,17849.47125,17639.46182,33056568801
18 November 2020,17619.08972,17818.07172,18055.97431,17565.63584,44782533997
17 November 2020,17029.95388,17668.59471,17668.59471,17029.95388,35625111503
16 November 2020,16148.51942,16684.3032,16684.3032,16148.51942,27166907076
15 November 2020,15802.76683,15947.24887,15955.38416,15802.76683,20265403220
14 November 2020,16029.7804,16080.87158,16080.87158,15938.24512,23521730081
13 November 2020,16543.26811,16328.55504,16543.26811,16328.55504,26924410268
12 November 2020,15699.55363,16283.56094,16283.56094,15699.55363,30558338400
11 November 2020,15565.35064,15723.90082,15723.90082,15565.35064,24997093613
10 November 2020,15446.65918,15334.59516,15446.65918,15334.59516,24262641276
09 November 2020,15330.83347,15353.11618,15513.78667,15100.96418,30818658913
08 November 2020,15227.55231,15463.43917,15463.43917,15227.55231,27149284906
07 November 2020,15289.82823,14843.0628,15289.82823,14745.54658,32019226499
06 November 2020,16298.20974,15662.86,16298.20974,15662.86,38990156189
05 November 2020,14403.1354,15515.79155,15515.79155,14403.1354,39891455895
04 November 2020,14273.21053,14212.06071,14273.21053,14073.35645,27224505358
03 November 2020,13637.82178,13992.53132,13992.53132,13637.82178,24095781375
02 November 2020,13569.12602,13559.59723,13569.12602,13457.16825,23079138165
01 November 2020,14029.93852,13824.01624,14029.93852,13824.01624,20096684374
31 October 2020,13642.05684,13797.63936,13838.09165,13642.05684,22966324814
30 October 2020,13338.61433,13576.46161,13576.46161,13338.61433,27031601719
29 October 2020,13267.1171,13463.50521,13463.50521,13247.39317,23952787254
28 October 2020,13426.99992,13291.04036,13483.09361,13175.06376,27311777383
27 October 2020,13204.85128,13651.87903,13651.87903,13204.85128,25835075025
26 October 2020,12808.28119,13068.49683,13068.49683,12808.28119,21422160110
25 October 2020,12997.43756,13027.84165,13048.92867,12986.27404,19288444379
24 October 2020,12980.18115,13110.93236,13110.93236,12980.18115,18832508379
23 October 2020,12890.40328,12917.17858,12917.17858,12859.42973,21424265074
22 October 2020,13175.73816,12979.44686,13175.73816,12979.44686,27037045652
21 October 2020,12222.12004,12788.12141,12934.24159,12222.12004,33077094891
20 October 2020,11557.54165,11909.39189,11909.39189,11557.54165,23697416879
19 October 2020,11539.26501,11747.71759,11747.71759,11539.26501,17933857540
18 October 2020,11596.31451,11525.70516,11614.58583,11525.70516,14164980980
17 October 2020,11388.75632,11371.06056,11401.01863,11371.06056,14602442358
16 October 2020,11271.16617,11322.77504,11322.77504,11271.16617,20520084843
15 October 2020,11413.87075,11512.81432,11512.81432,11413.87075,20225045846
14 October 2020,11396.50673,11431.78512,11431.78512,11396.50673,20353071825
13 October 2020,11460.46131,11449.94439,11460.46131,11449.94439,20553540146
12 October 2020,11589.45915,11549.89724,11589.45915,11549.89724,21355364868
11 October 2020,11381.31564,11384.73082,11409.48357,11381.31564,15351849954
10 October 2020,11162.00182,11299.26481,11299.26481,11162.00182,18917523092
09 October 2020,11199.49693,11060.3666,11199.49693,11060.3666,18750077406
08 October 2020,10827.01969,10934.14116,10934.14116,10827.01969,19350693482
07 October 2020,10609.04609,10675.85357,10736.08128,10609.04609,15980361907
06 October 2020,10569.31355,10608.96305,10620.11501,10569.31355,17956199678
05 October 2020,10704.94432,10789.32257,10789.32257,10704.94432,16036995473
04 October 2020,10689.68514,10689.78776,10730.43752,10689.68514,14252211088
03 October 2020,10594.2667,10555.94377,10596.41751,10555.94377,13918176520
02 October 2020,10492.05008,10584.90883,10587.98716,10492.05008,20831231747
01 October 2020,10689.46988,10620.33365,10691.53476,10577.66688,20193267987
30 September 2020,10848.0071,10787.89525,10848.0071,10787.89525,17368045904
29 September 2020,10794.06285,10841.14813,10841.14813,10794.06285,17846291621
28 September 2020,10714.19862,10682.22584,10738.7406,10682.22584,19714161748
27 September 2020,10813.9859,10779.16542,10830.60346,10779.16542,16821363925
26 September 2020,10751.81632,10739.19529,10842.65396,10739.19529,15707221968
25 September 2020,10792.4755,10708.30197,10877.16834,10708.30197,18880178881
24 September 2020,10774.41604,10732.28485,10860.64001,10732.28485,21295476908
23 September 2020,10101.53097,10223.44774,10257.33203,10101.53097,19503343639
22 September 2020,10516.7693,10551.58853,10576.83902,10516.7693,20121562677
21 September 2020,10324.17549,10434.89933,10529.61729,10324.17549,25376914179
20 September 2020,10751.11295,10924.95097,10946.2539,10751.11295,22649481335
19 September 2020,10970.81571,11095.82131,11136.10614,10970.81571,19893828929
18 September 2020,10851.15315,10952.66482,11045.99218,10851.15315,22679044928
17 September 2020,11552.11564,10953.38527,11554.23091,10953.38527,26758619933
16 September 2020,10808.264,10945.54931,10945.54931,10808.264,27666726745
15 September 2020,10398.9379,10791.4462,10793.62079,10398.9379,26334900307
14 September 2020,10580.95893,10670.50189,10745.43971,10580.95893,25874492535
13 September 2020,10001.98726,10345.1763,10521.21547,10001.98726,22246321514
12 September 2020,10730.69771,10473.32042,10871.25185,10473.32042,21108571317
11 September 2020,10485.38578,10397.20031,10639.43337,10397.20031,22824434313
10 September 2020,10615.39471,10355.29892,10625.44144,10355.29892,26214936817
09 September 2020,10443.30482,10233.34466,10481.68765,10233.34466,22537449899
08 September 2020,10063.40551,10136.29611,10136.29611,10063.40551,29466989342
07 September 2020,10294.84523,10385.56351,10598.69497,10294.84523,30452051220
06 September 2020,10594.14869,10289.88573,11043.74402,10289.88573,33621131196
05 September 2020,9484.797039,10154.6233,10492.17743,9484.797039,39848202081
04 September 2020,10229.97583,10489.8349,10489.8349,10229.97583,30147387759
03 September 2020,10734.17596,10203.48812,10734.17596,10203.48812,30083564988
02 September 2020,11406.61545,11443.20474,11541.61762,11406.61545,27950151962
01 September 2020,12418.75694,11935.54507,12433.34632,11935.54507,27596314689
31 August 2020,11853.1291,11655.81177,11917.28771,11655.81177,21541727450
30 August 2020,12088.72935,11759.1647,12107.6789,11759.1647,20353228776
29 August 2020,11597.46747,11466.13318,11604.59934,11466.13318,18208116999
28 August 2020,11529.89687,11514.91539,11557.63097,11514.91539,20024095482
27 August 2020,11419.29581,11336.15362,11419.29581,11328.49386,23752012207
26 August 2020,11384.59534,11450.21941,11450.21941,11384.59534,23207711702
25 August 2020,11421.5548,11336.06715,11421.5548,11336.06715,25785928779
24 August 2020,11969.7306,11779.24339,12125.91389,11779.24339,20898824462
23 August 2020,11588.7179,11646.01284,11685.9942,11588.7179,18632600337
22 August 2020,11649.47414,11690.36401,12786.34514,11649.47414,21347853126
21 August 2020,11451.30744,11528.27207,11720.21777,11451.30744,24879944507
20 August 2020,11895.72454,11866.76713,11971.08595,11866.76713,21539668027
19 August 2020,11774.61692,11781.14421,11799.67196,11774.61692,25178931480
18 August 2020,12158.8463,11943.20005,12158.8463,11943.20005,26641398476
17 August 2020,11878.25158,12263.72868,12263.72868,11878.25158,29629115410
16 August 2020,11853.27334,11922.62315,12146.02358,11853.27334,21643767642
15 August 2020,11679.28948,11842.59215,11941.22239,11679.28948,23724426429
14 August 2020,12125.45654,11747.97947,12189.58511,11747.97947,25651923230
13 August 2020,12227.36458,11803.47988,12443.24977,11803.47988,28796910799
12 August 2020,11546.32232,11490.55578,11581.9911,11490.55578,26789032768
11 August 2020,11666.08415,11406.06792,11666.08415,11354.27219,28297106595
10 August 2020,11764.2121,11899.11387,11919.20371,11764.2121,28216268829
09 August 2020,11644.00969,11681.90286,11708.84826,11644.00969,20290446283
08 August 2020,11933.89366,11813.27557,12008.53474,11813.27557,20455272493
07 August 2020,11554.14762,11610.61567,11625.17414,11554.14762,25421390650
06 August 2020,11674.6446,11772.46871,11772.46871,11674.6446,24953187836
05 August 2020,11375.14965,11755.5028,11755.5028,11375.14965,26254070889
04 August 2020,11291.72584,11199.47859,11291.72584,11199.47859,23274749700
03 August 2020,11364.8012,11229.49444,11364.8012,11229.49444,23259139538
02 August 2020,11644.40529,11075.72534,11644.40529,11075.72534,32771202919
01 August 2020,12074.45822,11883.37815,12077.03642,11883.37815,31412819316
31 July 2020,11392.71086,11387.91073,11392.71086,11373.68681,25371742686
30 July 2020,11418.88212,11160.93006,11418.88212,11160.93006,23875472128
29 July 2020,10958.17296,11100.02398,11118.11924,10958.17296,27518127265
28 July 2020,10914.60068,10949.68455,11000.56603,10837.1082,33797512684
27 July 2020,10070.79097,10976.26985,10976.26985,10070.79097,40942335618
26 July 2020,9893.965752,9947.108642,10033.66984,9893.965752,23506949466
25 July 2020,10186.26324,9788.637594,10200.00295,9788.637594,18566572599
24 July 2020,9717.903774,9551.182316,9741.71701,9551.182316,17258336987
23 July 2020,9829.180993,9628.236899,9836.95062,9628.236899,19139527934
22 July 2020,9824.817964,9594.712463,9824.817964,9594.712463,17444942060
21 July 2020,9362.729495,9418.928523,9435.966002,9362.729495,18778267641
20 July 2020,9195.040369,9201.80483,9240.298876,9195.040369,15410033334
19 July 2020,9325.641422,9277.76955,9367.888556,9277.76955,13070803072
18 July 2020,9289.987477,9231.067808,9289.987477,9231.067808,12731238828
17 July 2020,9160.961323,9194.826442,9194.826442,9160.961323,13776526291
16 July 2020,9129.298437,9172.88414,9176.120341,9129.298437,16386743867
15 July 2020,9246.390229,9233.659421,9246.390229,9233.659421,15901839119
14 July 2020,9291.027877,9281.48215,9291.027877,9281.48215,17168537638
13 July 2020,9279.504884,9265.186374,9291.321711,9265.186374,17696744528
12 July 2020,9361.375511,9355.686287,9387.187844,9355.686287,15517307834
11 July 2020,9288.235962,9290.977849,9302.263575,9288.235962,13970082775
10 July 2020,9262.258958,9325.078105,9325.078105,9262.258958,16299290371
09 July 2020,9371.508985,9284.279322,9371.508985,9284.279322,18930145540
08 July 2020,9465.54182,9464.382839,9478.182807,9464.382839,21432598955
07 July 2020,9343.556275,9309.543927,9392.716604,9309.543927,17927702993
06 July 2020,9442.355728,9382.576868,9450.943237,9382.576868,21533254234
05 July 2020,9162.937947,9155.418205,9162.937947,9153.417434,16492121716
04 July 2020,9229.733784,9201.703694,9237.023994,9201.703694,15553610496
03 July 2020,9100.016534,9107.18579,9113.768429,9100.016534,16547765098
02 July 2020,9183.917988,9118.192137,9183.917988,9086.284911,19518756162
01 July 2020,9303.989193,9282.870333,9320.12404,9282.870333,19146781842
30 June 2020,9189.733614,9184.256116,9207.05965,9184.256116,19119917405
29 June 2020,9213.561222,9228.623108,9228.623108,9213.561222,20192313315
28 June 2020,9138.786361,9163.896774,9191.153529,9138.786361,18139827539
27 June 2020,8983.116985,9020.580732,9020.580732,8983.116985,21141767992
26 June 2020,9201.44174,9191.218397,9202.484536,9154.468491,22797050496
25 June 2020,9294.285971,9269.18873,9294.285971,9177.686773,23858896362
24 June 2020,9461.168737,9333.706419,9461.168737,9333.706419,24149550778
23 June 2020,9681.119321,9658.643904,9697.532131,9658.643904,22639791099
22 June 2020,9665.892732,9663.323189,9729.64828,9663.323189,25162282637
21 June 2020,9365.343691,9318.858762,9365.343691,9318.858762,19497471618
20 June 2020,9338.83439,9389.950343,9389.950343,9338.83439,21073253190
19 June 2020,9354.241318,9343.482437,9366.754403,9343.482437,23838459458
18 June 2020,9433.463907,9426.298027,9437.710349,9426.298027,22465665916
17 June 2020,9518.412185,9493.273651,9518.412185,9444.447142,24688946043
16 June 2020,9586.576879,9566.241137,9608.257578,9566.241137,26648352189
15 June 2020,9323.940341,9442.13432,9442.13432,9228.084631,32645892736
14 June 2020,9322.618823,9360.764408,9360.764408,9322.618823,21667951329
13 June 2020,9524.269297,9520.777153,9528.840989,9520.777153,22390826543
12 June 2020,9462.301285,9496.936561,9520.512529,9462.301285,28219597781
11 June 2020,9609.366663,9288.677632,9624.495203,9228.626943,34949939415
10 June 2020,9884.038134,9914.160926,9934.893832,9884.038134,27940202661
09 June 2020,9769.102998,9793.164399,9793.164399,9740.592081,25478063518
08 June 2020,9843.01853,9830.926316,9859.23098,9830.926316,23222105514
07 June 2020,9750.995483,9781.884429,9781.884429,9715.506825,26031053042
06 June 2020,9719.023301,9702.978837,9722.713957,9702.978837,22425158359
05 June 2020,9741.860938,9654.294717,9741.860938,9654.294717,25964529767
04 June 2020,9670.024307,9792.146174,9792.146174,9670.024307,27677233195
03 June 2020,9735.451136,9704.131612,9735.451136,9704.131612,28498508154
02 June 2020,10005.38914,9550.641446,10005.38914,9507.371944,42460436801
01 June 2020,9759.494003,10168.35452,10168.35452,9759.494003,36964873895
31 May 2020,9425.22741,9449.550775,9449.550775,9425.22741,29848225434
30 May 2020,10045.34643,9723.006969,10045.34643,9723.006969,33387508507
29 May 2020,9627.041486,9435.541408,9627.041486,9435.541408,34357912102
28 May 2020,9451.405431,9595.009453,9608.486482,9451.405431,36522281426
27 May 2020,9022.476169,9227.054099,9227.054099,9022.476169,33194411948
26 May 2020,8825.935634,8857.891112,8857.891112,8816.292105,30722782636
25 May 2020,8860.160288,8904.427164,8904.427164,8843.422501,34560126397
24 May 2020,9022.82141,8754.26255,9022.82141,8754.26255,34010466033
23 May 2020,9230.872918,9198.322385,9230.872918,9198.322385,30167202383
22 May 2020,9300.390602,9228.318401,9300.390602,9228.318401,34213804602
21 May 2020,9319.553858,9073.70764,9325.156951,8957.254142,42733743847
20 May 2020,9692.354614,9523.477772,9692.354614,9483.201572,39751977770
19 May 2020,9760.236923,9792.754443,9798.440606,9671.394857,42289263154
18 May 2020,9880.586776,9744.296188,9880.586776,9744.296188,43553778065
17 May 2020,9545.48449,9693.879704,9749.245527,9545.48449,41585364796
16 May 2020,9499.003316,9397.307114,9526.925908,9397.307114,37134089366
15 May 2020,9622.352021,9317.061019,9622.352021,9273.742312,49287947689
14 May 2020,9375.009273,9794.464928,9794.464928,9375.009273,58175800815
13 May 2020,9035.53325,9313.049489,9314.032616,9035.53325,47414676388
12 May 2020,8717.140049,8829.176894,8852.839112,8717.140049,45993934138
11 May 2020,8706.030358,8620.123427,8966.706355,8448.630081,63228493191
10 May 2020,9191.196215,8746.052632,9191.196215,8403.755532,68826542905
09 May 2020,9839.750112,9587.730179,9839.750112,9587.730179,48119980167
08 May 2020,9932.849672,9851.069309,9932.849672,9851.069309,58288383718
07 May 2020,9381.740222,9966.001264,9966.001264,9381.740222,67258356448
06 May 2020,8902.250576,9137.291042,9137.291042,8902.250576,52327264381
05 May 2020,8876.31888,9031.876249,9031.876249,8876.31888,47875170894
04 May 2020,8851.221069,8906.220797,8906.220797,8851.221069,48870509676
03 May 2020,8920.188912,8935.532487,8978.857379,8900.099037,50837955375
02 May 2020,8912.97167,9014.905531,9014.905531,8912.97167,41984033512
01 May 2020,8784.97373,8841.987937,8896.328788,8784.97373,49471332291
30 April 2020,8619.784409,8645.671899,9011.036732,8543.78389,74957950102
29 April 2020,8038.425948,8757.738139,8757.738139,8038.425948,61883950039
28 April 2020,7824.837024,7782.918644,7824.837024,7782.918644,36480703923
27 April 2020,7700.830857,7818.425404,7818.425404,7700.830857,39549449719
26 April 2020,7656.85397,7717.715835,7717.715835,7656.85397,36855736271
25 April 2020,7717.633531,7566.142958,7729.079075,7566.142958,35312695075
24 April 2020,7522.259836,7514.467376,7530.573094,7514.467376,37282120720
23 April 2020,7190.122142,7473.44985,7473.44985,7190.122142,45804571354
22 April 2020,7184.011704,7144.894424,7187.830847,7144.894424,35413601841
21 April 2020,6847.992289,6879.497938,6883.739233,6847.992289,33559537387
20 April 2020,6907.501163,6841.165943,6907.501163,6841.165943,39409378469
19 April 2020,7082.322811,7157.513862,7212.961046,7082.322811,32822966820
18 April 2020,7572.883537,7288.816761,7580.46278,7288.816761,34106341723
17 April 2020,7067.917183,7057.692482,7136.41409,7057.692482,33835147650
16 April 2020,7094.41922,7106.585753,7106.585753,7071.167072,50160664984
15 April 2020,6741.338701,6647.08099,6741.338701,6647.08099,34152041561
14 April 2020,6931.043035,6886.049164,6931.043035,6886.049164,35456605806
13 April 2020,6870.941762,6876.841186,6876.841186,6794.813659,40674351264
12 April 2020,6915.535867,6930.74859,6999.561971,6915.535867,35902222635
11 April 2020,6940.878967,6921.231291,6965.192431,6921.231291,32699183017
10 April 2020,7009.90042,6901.985081,7009.90042,6901.985081,44565586957
09 April 2020,7305.156519,7302.945645,7305.156519,7271.034586,37146117955
08 April 2020,7415.213093,7392.847308,7436.2046,7392.847308,41766201202
07 April 2020,7208.938246,7175.804282,7208.938246,7175.804282,48065265631
06 April 2020,7529.424918,7373.194868,7546.840017,7373.194868,52589773498
05 April 2020,6836.683525,6795.963883,6836.683525,6795.963883,32041175037
04 April 2020,6835.707673,6876.872648,6890.861378,6835.707673,36022605774
03 April 2020,6831.083806,6755.010057,6876.151477,6755.010057,45350647058
02 April 2020,6769.15203,6825.991842,7011.531218,6746.718939,51567805524
01 April 2020,6532.811655,6660.848728,6660.848728,6474.258287,41213535115
31 March 2020,6443.425213,6449.00333,6482.638456,6443.425213,34371640820
30 March 2020,6097.068786,6425.777459,6435.183301,6097.068786,39501518325
29 March 2020,6100.106712,5908.077937,6100.106712,5908.077937,28928537030
28 March 2020,6390.434435,6284.506191,6390.434435,6259.591895,36242971577
27 March 2020,6574.152229,6390.43535,6574.152229,6390.43535,35660962807
26 March 2020,6773.347996,6758.979082,6773.347996,6741.710435,37555734819
25 March 2020,6708.879135,6693.196774,6738.958358,6597.002714,45598217753
24 March 2020,6547.53249,6753.92934,6753.92934,6547.53249,50109782261
23 March 2020,6112.407317,6499.105449,6529.552943,6112.354491,49670724279
22 March 2020,5949.87794,5840.761659,6029.869308,5840.761659,40178738670
21 March 2020,6204.90753,6211.221644,6299.103739,6148.288053,44829488401
20 March 2020,6130.82461,6205.944424,6465.64156,6029.397176,55416248851
19 March 2020,5831.937765,6241.590605,6324.838409,5796.848404,55489037818
18 March 2020,5414.505103,5446.154338,5446.154338,5308.269014,43338259003
17 March 2020,5185.399726,5378.092639,5397.488902,5185.399726,40925496446
16 March 2020,5129.082984,5062.211487,5129.082984,4791.033733,48087402223
15 March 2020,5237.717526,5382.24314,5547.607064,5237.717526,39239838261
14 March 2020,5357.062402,5232.753881,5357.062402,5232.753881,44969826785
13 March 2020,5509.156192,5695.724804,5711.535064,5167.432469,85246563655
12 March 2020,6419.336976,4906.81238,6425.076737,4906.81238,54192741503
11 March 2020,7762.293632,7965.791815,7999.942877,7762.293632,40159260284
10 March 2020,7926.381794,7938.75944,7970.977947,7926.381794,41810939697
09 March 2020,8106.754543,7994.94609,8106.754543,7994.94609,51572581262
08 March 2020,7882.937627,8000.318905,8071.397488,7882.937627,41096832565
07 March 2020,9026.771039,8885.630808,9032.480553,8885.630808,36531986749
06 March 2020,9648.177859,9284.627105,9719.123154,9284.627105,45492512071
05 March 2020,8922.734443,9060.317356,9060.317356,8922.734443,42209190629
04 March 2020,8822.151942,8826.317397,8889.266876,8822.151942,42912605833
03 March 2020,8696.549176,8770.382038,8787.989389,8696.549176,72252909051
02 March 2020,8997.796117,8960.713647,9084.092319,8960.713647,63862454312
01 March 2020,8482.250439,8504.587198,8600.729491,8482.250439,37056607372
29 February 2020,8416.01862,8502.342293,8537.120273,8416.01862,38513796241
28 February 2020,8786.345833,8713.808003,8867.677111,8713.808003,46309887269
27 February 2020,8925.425878,8785.075402,9079.301661,8785.075402,49560062300
26 February 2020,8693.23268,8820.015933,8906.735937,8693.23268,51692908880
25 February 2020,9128.104864,9298.814752,9303.086229,9128.104864,45011800564
24 February 2020,9735.756219,9668.898117,9735.756219,9668.898117,45294726549
23 February 2020,10093.08918,10018.66628,10134.70749,10018.66628,40629754392
22 February 2020,9626.611189,9696.027328,9771.27285,9626.611189,32484889418
21 February 2020,9879.910127,9738.050195,9985.102689,9738.050195,39381890480
20 February 2020,9547.00267,9660.560817,9864.283971,9547.00267,47221385656
19 February 2020,9584.608646,9591.088147,9591.088147,9572.118465,45713789700
18 February 2020,10232.44081,10183.14403,10359.17169,10183.14403,50979660162
17 February 2020,10163.72454,9792.454647,10522.73433,9792.454647,50445985308
16 February 2020,9723.446612,9908.694513,10284.47683,9723.446612,44530428964
15 February 2020,9827.392973,9865.345798,9938.107951,9827.392973,44396958650
14 February 2020,10749.02528,10434.82087,10898.62586,10434.82087,45218036174
13 February 2020,10507.44817,10221.9356,10571.09739,10221.9356,52285109387
12 February 2020,11270.92068,10433.77624,11289.81104,10433.77624,45554713820
11 February 2020,10250.61392,10305.15397,10305.15397,10250.61392,39100941077
10 February 2020,10022.53818,9868.763491,10022.53818,9868.763491,39067592432
09 February 2020,10013.66081,10175.4179,10175.4179,10013.66081,37514468659
08 February 2020,9832.034998,9842.312936,10018.59702,9832.034998,34322540154
07 February 2020,10157.97615,9840.967369,10182.46223,9840.967369,36477997527
06 February 2020,9928.261259,9770.881765,9942.135589,9770.881765,39924251773
05 February 2020,9629.11485,9634.18212,9647.563051,9629.11485,36014335825
04 February 2020,9287.349874,9200.539284,9287.349874,9200.539284,31084766099
03 February 2020,9369.886039,9327.248396,9402.105755,9327.248396,32331883437
02 February 2020,9599.613769,9322.847841,9599.613769,9322.847841,32933753375
01 February 2020,9505.966476,9414.228645,9522.408006,9414.228645,27701504697
31 January 2020,9408.169108,9337.993804,9408.169108,9337.993804,32985155085
30 January 2020,9613.542757,9542.749953,9618.759294,9542.749953,33292487646
29 January 2020,9283.192976,9282.931033,9283.192976,9277.20263,32520401786
28 January 2020,9050.69425,9360.609443,9360.609443,9047.502353,37864281654
27 January 2020,8701.498898,8887.193859,8887.193859,8701.498898,30237575888
26 January 2020,8616.089109,8637.59222,8637.59222,8616.089109,21648627323
25 January 2020,8399.161418,8367.077001,8427.78342,8367.077001,20484274555
24 January 2020,8400.074978,8470.876278,8510.873462,8400.074978,25222297120
23 January 2020,8541.64131,8408.892254,8541.64131,8408.892254,26984769225
22 January 2020,8688.34741,8688.762381,8725.943478,8688.34741,25102634037
21 January 2020,8756.358084,8748.071859,8756.358084,8740.937134,25719709540
20 January 2020,8728.270439,8664.772109,8745.659912,8664.772109,29155182795
19 January 2020,8663.331746,8716.351043,8733.723498,8663.331746,39385514327
18 January 2020,9089.56749,8876.529405,9192.937872,8876.529405,35621604450
17 January 2020,8925.784928,8903.76523,8944.226337,8903.76523,40308831459
16 January 2020,8785.976207,8751.008633,8809.379548,8751.008633,35953489325
15 January 2020,8957.110539,8844.192983,8960.935492,8844.192983,46283507974
14 January 2020,8797.844899,8867.649422,8896.459486,8797.844899,46850776937
13 January 2020,8112.019325,8143.698438,8160.541938,8112.019325,26535755627
12 January 2020,8223.391308,8227.670819,8253.286912,8223.391308,26478086150
11 January 2020,8129.290271,8053.56665,8129.290271,8053.56665,30713703767
10 January 2020,8070.709779,8203.559753,8203.559753,8049.100789,32503034107
09 January 2020,8016.09117,7855.562163,8016.09117,7855.562163,29292354460
08 January 2020,8054.403155,8101.841538,8200.316059,8054.403155,36942958895
07 January 2020,7741.551499,8138.543013,8138.543013,7741.551499,32114808281
06 January 2020,7665.018112,7768.608009,7768.608009,7665.018112,25086932713
05 January 2020,7424.273714,7378.575438,7444.0923,7378.575438,20029361561
04 January 2020,7390.938243,7388.589251,7405.076434,7388.589251,19680767448
03 January 2020,7237.947791,7371.047881,7371.047881,7237.947791,28423893265
02 January 2020,7068.746477,6993.513608,7068.746477,6993.513608,18405303084
01 January 2020,7260.080879,7206.722254,7316.738191,7206.722254,16641585282
31 December 2019,7168.609794,7179.334932,7219.619419,7168.609794,18417333884
30 December 2019,7320.92197,7270.861543,7327.265324,7270.861543,21124629573
29 December 2019,7614.474484,7443.617198,7619.74453,7443.617198,21479566056
28 December 2019,7359.136454,7347.09078,7376.201412,7347.09078,20140956233
27 December 2019,7253.684912,7270.391547,7270.391547,7253.684912,24239355935
26 December 2019,7251.110794,7227.643833,7258.918033,7227.643833,20335281549
25 December 2019,7166.669191,7226.754945,7251.770207,7166.669191,20878514003
24 December 2019,7335.307237,7292.561473,7341.039497,7292.561473,25588354643
23 December 2019,7343.866651,7337.765003,7385.154649,7337.765003,26362054858
22 December 2019,7371.121424,7498.662729,7498.662729,7371.121424,20253282137
21 December 2019,7180.080543,7175.989724,7199.850724,7175.989724,17764286495
20 December 2019,7197.164558,7228.393097,7229.516555,7197.164558,21605886337
19 December 2019,7053.502133,7188.922786,7242.993055,7053.502133,28414201094
18 December 2019,6938.661079,7254.649983,7254.649983,6938.661079,32895703004
17 December 2019,6454.939226,6592.886938,6612.879058,6454.939226,24623932894
16 December 2019,6821.751635,6862.634454,6903.473499,6821.751635,19278311620
15 December 2019,7119.597042,7138.34252,7157.480497,7119.597042,16381403403
14 December 2019,7175.854756,7101.289088,7175.854756,7101.289088,17214928664
13 December 2019,7234.93161,7289.312861,7301.973624,7234.93161,16412166135
12 December 2019,7274.700591,7218.079696,7305.390718,7218.079696,18777862072
11 December 2019,7178.792672,7230.091702,7241.24411,7178.792672,16662917769
10 December 2019,7316.829759,7262.756827,7316.829759,7262.756827,19371943241
09 December 2019,7447.253374,7376.059449,7461.733638,7376.059449,18275633405
08 December 2019,7647.943879,7561.145955,7647.943879,7561.145955,16125783458
07 December 2019,7502.767448,7529.096803,7579.037503,7502.767448,16810460922
06 December 2019,7445.960462,7556.886904,7556.886904,7445.960462,18862630590
05 December 2019,7327.843537,7416.435199,7416.435199,7327.843537,20079029915
04 December 2019,7270.330321,7229.129779,7461.389607,7229.129779,21632067147
03 December 2019,7294.635062,7332.895246,7336.626406,7294.635062,15609304513
02 December 2019,7353.612894,7341.110532,7353.612894,7323.659395,17673234408
01 December 2019,7558.667581,7422.907367,7558.667581,7422.907367,20268470543
30 November 2019,7667.840304,7590.141466,7667.840304,7590.141466,18765717803
29 November 2019,7578.450616,7766.922977,7766.922977,7578.450616,21317843717
28 November 2019,7454.384148,7463.024084,7506.291812,7454.384148,20392264658
27 November 2019,7314.462595,7512.097724,7512.097724,7227.138935,25193631901
26 November 2019,7195.096361,7201.032212,7207.440903,7195.096361,22591912641
25 November 2019,7076.94045,7131.078352,7131.078352,6966.644565,30163406360
24 November 2019,6967.94149,6928.064208,6967.94149,6926.156914,19786653681
23 November 2019,7375.500772,7341.934747,7409.852933,7341.934747,23003348257
22 November 2019,7338.250732,7298.986621,7360.503145,7173.184429,33323920156
21 November 2019,7732.359533,7654.243895,7732.359533,7627.350393,21754423841
20 November 2019,8119.284604,8114.719119,8150.572776,8114.719119,17898998439
19 November 2019,8163.167953,8163.742981,8188.946747,8163.167953,21640594783
18 November 2019,8357.100433,8225.782877,8357.100433,8225.782877,21342988092
17 November 2019,8582.378736,8549.239775,8607.187614,8549.239775,18491099617
16 November 2019,8614.220335,8532.156201,8644.579115,8532.156201,18417743164
15 November 2019,8504.679683,8492.336291,8554.290063,8492.336291,23620450452
14 November 2019,8687.243043,8667.086795,8693.118803,8667.086795,20643637512
13 November 2019,8880.283489,8807.624209,8880.283489,8807.624209,18920055207
12 November 2019,8788.44941,8810.462078,8810.462078,8788.44941,20056279881
11 November 2019,8893.41444,8722.422077,8893.41444,8722.422077,21516137806
10 November 2019,8968.206967,9030.262889,9030.262889,8968.206967,20078522581
09 November 2019,8835.162621,8829.25083,8860.077548,8829.25083,18775040746
08 November 2019,9143.122401,8794.562555,9143.122401,8794.562555,24311358708
07 November 2019,9181.983476,9216.465653,9216.465653,9181.983476,23324029341
06 November 2019,9393.161642,9345.739701,9404.271639,9345.739701,23939540221
05 November 2019,9477.380461,9317.660952,9477.380461,9317.660952,26218099970
04 November 2019,9341.630351,9402.149112,9402.149112,9330.168832,23783654599
03 November 2019,9261.182176,9218.930037,9261.182176,9218.930037,19858634894
02 November 2019,9276.564248,9316.032895,9330.979331,9276.564248,21171511237
01 November 2019,9207.730928,9263.456792,9273.003087,9207.730928,24632547654
31 October 2019,9148.283784,9181.570362,9208.374946,9148.283784,25421144979
30 October 2019,9224.046997,9165.121864,9224.046997,9152.355685,26575404456
29 October 2019,9498.286921,9447.302716,9516.362806,9447.302716,28164953660
28 October 2019,9474.230987,9234.995829,9518.04726,9234.995829,32667338829
27 October 2019,9328.089796,9527.650214,9567.797211,9328.089796,32385103724
26 October 2019,8610.88601,9231.514867,9658.823917,8610.88601,45682330157
25 October 2019,7900.223621,8647.623834,8647.623834,7900.223621,26630205213
24 October 2019,7472.306863,7441.216441,7524.640957,7441.216441,15770506690
23 October 2019,7809.811461,7521.716439,7809.811461,7521.716439,19446873311
22 October 2019,8149.956671,8073.940294,8150.275162,8073.940294,14838416498
21 October 2019,8183.879744,8234.878372,8257.913036,8183.879744,13954016839
20 October 2019,8072.428725,8230.450236,8230.450236,8072.428725,12743552963
19 October 2019,7935.930649,7970.107778,7987.678907,7935.930649,11256202584
18 October 2019,7959.670045,7964.763808,7978.40157,7959.670045,13341171546
17 October 2019,8081.138335,8072.151659,8084.933913,8072.151659,12425114205
16 October 2019,8009.307973,8005.522475,8009.307973,8005.522475,14493502198
15 October 2019,8192.070601,8174.828071,8216.894856,8174.828071,12998436212
14 October 2019,8461.952601,8364.549423,8466.154064,8364.549423,13302168782
13 October 2019,8349.545434,8297.963522,8357.314621,8297.963522,11847921979
12 October 2019,8229.720854,8299.454647,8385.120053,8229.720854,12895853964
11 October 2019,8285.702821,8264.302649,8310.48713,8264.302649,16955680080
10 October 2019,8552.560108,8569.154689,8783.946156,8552.560108,16249774816
09 October 2019,8528.612314,8596.421801,8596.421801,8520.975456,18286507804
08 October 2019,8213.301156,8167.284739,8225.771603,8167.284739,13171258119
07 October 2019,8123.806626,8211.197554,8224.787783,8107.465727,15217893117
06 October 2019,8002.355916,7890.019339,8002.355916,7890.019339,11074249477
05 October 2019,8137.494179,8095.633405,8138.913528,8095.633405,10449134942
04 October 2019,8239.649544,8127.231447,8239.649544,8127.231447,12026280240
03 October 2019,8236.136255,8241.45999,8453.982713,8236.136255,12280900589
02 October 2019,8453.186882,8408.61809,8453.186882,8408.61809,11628745986
01 October 2019,8210.158968,8315.543806,8315.543806,8210.158968,13615517818
30 September 2019,8321.518518,8333.634684,8351.287037,8141.377,15985780189
29 September 2019,8093.344807,8065.813341,8095.158222,8065.813341,12583884052
28 September 2019,8205.715638,8232.447678,8232.447678,8205.715638,13251026970
27 September 2019,8325.322213,8216.691889,8335.22217,8216.691889,16118746962
26 September 2019,8367.974837,8092.991441,8367.974837,8051.837926,17305578830
25 September 2019,8612.713663,8474.784436,8612.713663,8474.784436,19950270331
24 September 2019,9044.808805,8528.385722,9082.845913,8360.142715,20371337416
23 September 2019,9740.130201,9668.923868,9740.130201,9668.923868,13132566244
22 September 2019,9839.426458,10027.16492,10103.29717,9839.426458,11476991344
21 September 2019,10074.31047,9972.920199,10074.31047,9972.920199,10509371984
20 September 2019,10184.07644,10181.64997,10313.66194,10181.64997,13892358378
19 September 2019,10453.79319,10277.0095,10453.79319,10277.0095,18643735495
18 September 2019,10374.9169,10133.56077,10374.9169,10133.56077,14622423077
17 September 2019,10719.74529,10240.27834,10720.79715,10240.27834,13029950835
16 September 2019,10637.20565,10328.57608,10637.20565,10328.57608,13447834095
15 September 2019,10428.77146,10328.33457,10469.69713,10328.33457,10626595441
14 September 2019,10688.95906,10390.42963,10688.95906,10390.42963,12152779603
13 September 2019,10441.1005,10372.82576,10441.1005,10243.90108,12620338929
12 September 2019,10250.31119,10421.77762,10421.77762,10250.31119,14429427255
11 September 2019,10073.14146,10169.63534,10169.63534,10073.14146,13905298550
10 September 2019,10282.77147,10123.92522,10282.77147,10123.92522,12698306335
09 September 2019,10374.70756,10306.59535,10374.70756,10306.59535,15165804249
08 September 2019,10679.85166,10420.61589,10679.85166,10420.61589,12205183516
07 September 2019,10765.45796,10540.32027,10836.72774,10540.32027,14827988576
06 September 2019,10449.98155,10330.51585,10572.64251,10330.51585,16630330931
05 September 2019,10514.00482,10590.63402,10653.80282,10514.00482,13053864642
04 September 2019,10492.14247,10538.70131,10553.63289,10467.62409,14422657742
03 September 2019,10363.74321,10608.96861,10608.96861,10363.74321,17532229059
02 September 2019,9944.328405,10364.23685,10364.23685,9944.328405,15149870173
01 September 2019,9610.946479,9749.875152,9749.875152,9610.946479,9809879937
31 August 2019,9720.928653,9637.808312,9761.508666,9637.808312,10092483654
30 August 2019,9496.259873,9595.053696,9595.053696,9496.259873,12283059097
29 August 2019,9582.513069,9506.15403,9582.513069,9506.15403,16049457904
28 August 2019,9846.247313,9703.841934,9909.105013,9703.841934,14380942671
27 August 2019,10310.49851,10160.39537,10310.49851,10160.39537,13829850481
26 August 2019,10173.34806,10357.31,10387.41487,10173.34806,16418245565
25 August 2019,10022.41836,10120.33942,10120.33942,10022.41836,12752741803
24 August 2019,10301.44827,10148.47979,10301.44827,10129.05817,13836473225
